{"cameraMode":{"drawMode":0,"name":"Shaded","section":"Shading Mode"},"sceneLighting":false,"audioPlay":false,"sceneViewState":{"showFog":true,"showMaterialUpdate":false,"showSkybox":false,"showFlares":true,"showImageEffects":true,"showParticleSystems":true},"in2DMode":false,"pivot":{"x":-92.782470703125,"y":-45.795257568359378,"z":-65.87496948242188},"rotation":{"x":-0.4059995412826538,"y":-0.403340607881546,"z":0.20629343390464784,"w":-0.7937232851982117},"size":279.0458984375,"orthographic":false}