{"cameraMode":{"drawMode":0,"name":"Shaded","section":"Shading Mode"},"sceneLighting":false,"audioPlay":false,"sceneViewState":{"showFog":true,"showMaterialUpdate":false,"showSkybox":false,"showFlares":true,"showImageEffects":true,"showParticleSystems":true},"in2DMode":false,"pivot":{"x":-0.09488926082849503,"y":-0.7646777629852295,"z":-3.455345630645752},"rotation":{"x":0.18965789675712586,"y":-0.00943843089044094,"z":0.0017335638403892518,"w":0.9818791747093201},"size":2.7874417304992677,"orthographic":false}