{"cameraMode":{"drawMode":0,"name":"Shaded","section":"Shading Mode"},"sceneLighting":false,"audioPlay":false,"sceneViewState":{"showFog":true,"showMaterialUpdate":false,"showSkybox":false,"showFlares":true,"showImageEffects":true,"showParticleSystems":true},"in2DMode":false,"pivot":{"x":4.564257621765137,"y":0.3044281005859375,"z":137.2889404296875},"rotation":{"x":-0.24529826641082765,"y":0.0029242727905511858,"z":-0.000716811919119209,"w":-0.9695354700088501},"size":139.53636169433595,"orthographic":false}