{"cameraMode":{"drawMode":0,"name":"Shaded","section":"Shading Mode"},"sceneLighting":false,"audioPlay":false,"sceneViewState":{"showFog":true,"showMaterialUpdate":false,"showSkybox":false,"showFlares":true,"showImageEffects":true,"showParticleSystems":true},"in2DMode":false,"pivot":{"x":-23.133419036865236,"y":21.084980010986329,"z":-14.425399780273438},"rotation":{"x":-0.016142012551426889,"y":0.9838055372238159,"z":-0.13243205845355988,"w":-0.11982980370521546},"size":24.965951919555665,"orthographic":false}