{"cameraMode":{"drawMode":0,"name":"Shaded","section":"Shading Mode"},"sceneLighting":false,"audioPlay":false,"sceneViewState":{"showFog":true,"showMaterialUpdate":false,"showSkybox":false,"showFlares":true,"showImageEffects":true,"showParticleSystems":true},"in2DMode":false,"pivot":{"x":7.168739318847656,"y":-3.2976722717285158,"z":12.95090103149414},"rotation":{"x":0.6898487210273743,"y":-0.03362182155251503,"z":0.03210391104221344,"w":0.7224618196487427},"size":20.175724029541017,"orthographic":false}