{"cameraMode":{"drawMode":0,"name":"Shaded","section":"Shading Mode"},"sceneLighting":true,"audioPlay":false,"sceneViewState":{"showFog":true,"showMaterialUpdate":false,"showSkybox":true,"showFlares":true,"showImageEffects":true,"showParticleSystems":true},"in2DMode":false,"pivot":{"x":52.381752014160159,"y":-407.8260498046875,"z":538.895751953125},"rotation":{"x":-0.4470355808734894,"y":0.034064147621393207,"z":-0.01703833043575287,"w":-0.8937093615531921},"size":1111.1578369140625,"orthographic":false}